Prottoy,-78,3.5
Prottoy,-70,3.5
Prottoy,-69,3.5
Prottoy,-82,3.5
Prottoy,-68,3.5
Prottoy,-68,3.5
Prottoy,-76,3.5
Prottoy,-77,3.5
Prottoy,-66,3.5
Prottoy,-80,3.5
Prottoy,-66,3.5
Prottoy,-68,3.5
Prottoy,-77,3.5
Prottoy,-68,3.5
Prottoy,-67,3.5
Prottoy,-75,3.5
Prottoy,-68,3.5
Prottoy,-74,3.5
Prottoy,-74,3.5
Prottoy,-74,3.5
Prottoy,-66,3.5
Prottoy,-68,3.5
Prottoy,-68,3.5
Prottoy,-67,3.5
Prottoy,-69,3.5
Prottoy,-76,3.5
Prottoy,-77,3.5
Prottoy,-67,3.5
Prottoy,-69,3.5
Prottoy,-77,3.5
Prottoy,-66,3.5
Prottoy,-77,3.5
Prottoy,-77,3.5
Prottoy,-66,3.5
Prottoy,-69,3.5
Prottoy,-68,3.5
Prottoy,-66,3.5
Prottoy,-66,3.5
Prottoy,-69,3.5
Prottoy,-77,3.5
Prottoy,-66,3.5
Prottoy,-77,3.5
Prottoy,-77,3.5
Prottoy,-69,3.5
Prottoy,-77,3.5
Prottoy,-66,3.5
Prottoy,-68,3.5
Prottoy,-67,3.5
Prottoy,-69,3.5
Prottoy,-69,3.5
Prottoy,-67,3.5
Prottoy,-77,3.5
Prottoy,-66,3.5
Prottoy,-67,3.5
Prottoy,-67,3.5
Prottoy,-66,3.5
Prottoy,-76,3.5
Prottoy,-67,3.5
Prottoy,-70,3.5
Prottoy,-68,3.5
Prottoy,-79,3.5
Prottoy,-70,3.5
Prottoy,-70,3.5
Prottoy,-77,3.5
Prottoy,-67,3.5
Prottoy,-76,3.5
Prottoy,-77,3.5
Prottoy,-70,3.5
Prottoy,-68,3.5
Prottoy,-66,3.5
Prottoy,-77,3.5
Prottoy,-77,3.5
Prottoy,-77,3.5
Prottoy,-70,3.5
Prottoy,-67,3.5
Prottoy,-70,3.5
Prottoy,-67,3.5
Prottoy,-70,3.5
Prottoy,-67,3.5
Prottoy,-67,3.5
Prottoy,-69,3.5
Prottoy,-78,3.5
Prottoy,-77,3.5
Prottoy,-67,3.5
Prottoy,-67,3.5
Prottoy,-67,3.5
Prottoy,-70,3.5
Prottoy,-67,3.5
Prottoy,-70,3.5
Prottoy,-68,3.5
Prottoy,-70,3.5
Prottoy,-70,3.5
Prottoy,-70,3.5
Prottoy,-67,3.5
Prottoy,-68,3.5
Prottoy,-78,3.5
Prottoy,-78,3.5
Prottoy,-77,3.5
Prottoy,-66,3.5
Prottoy,-77,3.5
Prottoy,-78,3.5
Prottoy,-70,3.5
Prottoy,-78,3.5
Prottoy,-70,3.5
Prottoy,-67,3.5
Prottoy,-66,3.5
Prottoy,-70,3.5
Prottoy,-67,3.5
Prottoy,-79,3.5
Prottoy,-67,3.5
Prottoy,-67,3.5
Prottoy,-70,3.5
Prottoy,-78,3.5
Prottoy,-69,3.5
Prottoy,-78,3.5
Prottoy,-67,3.5
Prottoy,-68,3.5
Prottoy,-77,3.5
Prottoy,-67,3.5
Prottoy,-76,3.5
Prottoy,-76,3.5
Prottoy,-66,3.5
Prottoy,-77,3.5
Prottoy,-69,3.5
Prottoy,-77,3.5
Prottoy,-69,3.5
Prottoy,-77,3.5
Prottoy,-70,3.5
Prottoy,-66,3.5
Prottoy,-69,3.5
Prottoy,-66,3.5
Prottoy,-69,3.5
Prottoy,-78,3.5
Prottoy,-77,3.5
Prottoy,-67,3.5
Prottoy,-69,3.5
Prottoy,-66,3.5
Prottoy,-68,3.5
Prottoy,-68,3.5
Prottoy,-68,3.5
Prottoy,-68,3.5
Prottoy,-76,3.5
Prottoy,-69,3.5
Prottoy,-69,3.5
Prottoy,-66,3.5
Prottoy,-76,3.5
Prottoy,-68,3.5
Prottoy,-77,3.5
Prottoy,-76,3.5
Prottoy,-76,3.5
Prottoy,-69,3.5
Prottoy,-67,3.5
Prottoy,-66,3.5
Prottoy,-68,3.5
Prottoy,-77,3.5
Prottoy,-69,3.5
Prottoy,-68,3.5
Prottoy,-76,3.5
Prottoy,-69,3.5
Prottoy,-76,3.5
Prottoy,-68,3.5
Prottoy,-76,3.5
Prottoy,-76,3.5
Prottoy,-69,3.5
Prottoy,-76,3.5
Prottoy,-69,3.5
Prottoy,-67,3.5
Prottoy,-66,3.5
Prottoy,-68,3.5
Prottoy,-67,3.5
Prottoy,-68,3.5
Prottoy,-68,3.5
Prottoy,-77,3.5
Prottoy,-76,3.5
Prottoy,-76,3.5
Prottoy,-68,3.5
Prottoy,-68,3.5
Prottoy,-67,3.5
Prottoy,-68,3.5
Prottoy,-68,3.5
Prottoy,-67,3.5
Prottoy,-75,3.5
Prottoy,-67,3.5
Prottoy,-76,3.5
Prottoy,-76,3.5
Prottoy,-68,3.5
Prottoy,-70,3.5
Prottoy,-68,3.5
Prottoy,-69,3.5
Prottoy,-76,3.5
Prottoy,-67,3.5
Prottoy,-76,3.5
Prottoy,-68,3.5
Prottoy,-76,3.5
Prottoy,-67,3.5
Prottoy,-68,3.5
Prottoy,-68,3.5
Prottoy,-76,3.5
Prottoy,-68,3.5
Prottoy,-68,3.5
Prottoy,-78,3.5
Prottoy,-68,3.5
Prottoy,-66,3.5
Prottoy,-76,3.5
Prottoy,-77,3.5
Prottoy,-66,3.5
Prottoy,-66,3.5
Prottoy,-67,3.5
Prottoy,-76,3.5
Prottoy,-66,3.5
Prottoy,-66,3.5
Prottoy,-66,3.5
Prottoy,-76,3.5
Prottoy,-68,3.5
Prottoy,-82,3.5
Prottoy,-68,3.5
Prottoy,-68,3.5
Prottoy,-67,3.5
Prottoy,-66,3.5
Prottoy,-67,3.5
Prottoy,-77,3.5
Prottoy,-67,3.5
Prottoy,-67,3.5
Prottoy,-67,3.5
Prottoy,-68,3.5
Prottoy,-76,3.5
Prottoy,-66,3.5
Prottoy,-66,3.5
Prottoy,-76,3.5
Prottoy,-67,3.5
Prottoy,-67,3.5
Prottoy,-67,3.5
Prottoy,-66,3.5
Prottoy,-67,3.5
Prottoy,-67,3.5
Prottoy,-75,3.5
Prottoy,-67,3.5
Prottoy,-68,3.5
Prottoy,-74,3.5
Prottoy,-72,3.5
Prottoy,-76,3.5
Prottoy,-70,3.5
Prottoy,-68,3.5
Prottoy,-69,3.5
Prottoy,-80,3.5
Prottoy,-70,3.5
Prottoy,-71,3.5
